<!-- [ Mirror metadata ] generatedAt: 1467706127948 -->
<!-- Generated screen file. Fill the id tags below with content with
which to populate your previewed layout. For a complete specification
of sample data, please see http://jimulabs.com/sample-data-specifications/ 

Valid attributes on <screen> tag: theme="@style/someTheme" inEditMode="false" overlay="@drawable/mockup" -->
<screen>
    <_content layout="@layout/acquire_view">
        <acquire_recycler layoutManager="linear:vertical">
        <!-- Examples of valid layoutManager values: "linear", "staggeredGrid:5:horizontal", "staggeredGrid:4" -->
            <items layout="@android:layout/simple_list_item_1" >
                <_item>
                    <text1>Vancouver</text1>
                </_item>
                <_item>
                    <text1>Cairo</text1>
                </_item>
                <_item>
                    <text1>New York</text1>
                </_item>
                <_item>
                    <text1>San Francisco</text1>
                </_item>
                <_item>
                    <text1>Seattle</text1>
                </_item>
                <_item>
                    <text1>Hong Kong</text1>
                </_item>
                <_item>
                    <text1>Tokyo</text1>
                </_item>
            </items>
                </acquire_recycler>
    </_content>
</screen>
