<!-- [ Mirror metadata ] generatedAt: 1467706127907 -->
<!-- Generated screen file. Fill the id tags below with content with
which to populate your previewed layout. For a complete specification
of sample data, please see http://jimulabs.com/sample-data-specifications/ 

Valid attributes on <screen> tag: theme="@style/someTheme" inEditMode="false" overlay="@drawable/mockup" -->
<screen>
    <_content layout="@layout/capture">
        <!-- ImageView Examples:
        <barcode_image_view src="@drawable/image_resource" />
        <barcode_image_view src="relative_path/image.jpg" /> -->
        <barcode_image_view />
        <!-- TextView Examples:
        <format_text_view text="@string/string_resource" />
        <format_text_view text="Text literal" textSize="14sp" /> -->
        <format_text_view />
        <type_text_view />
        <time_text_view />
        <meta_text_view_label />
        <meta_text_view />
        <contents_text_view />
        <contents_supplement_text_view />
        <status_view />
    </_content>
</screen>
