<!-- [ Mirror metadata ] generatedAt: 1467706127936 -->
<!-- Generated screen file. Fill the id tags below with content with
which to populate your previewed layout. For a complete specification
of sample data, please see http://jimulabs.com/sample-data-specifications/ 

Valid attributes on <screen> tag: theme="@style/someTheme" inEditMode="false" overlay="@drawable/mockup" -->
<screen>
    <_content layout="@layout/cocoband_device_item">
        <!-- TextView Examples:
        <text_name text="@string/string_resource" />
        <text_name text="Text literal" textSize="14sp" /> -->
        <text_name />
        <text_status />
        <!-- ImageView Examples:
        <image_rssi src="@drawable/image_resource" />
        <image_rssi src="relative_path/image.jpg" /> -->
        <image_rssi />
    </_content>
</screen>
