<!-- [ Mirror metadata ] generatedAt: 1467706127936 -->
<!-- Generated screen file. Fill the id tags below with content with
which to populate your previewed layout. For a complete specification
of sample data, please see http://jimulabs.com/sample-data-specifications/ 

Valid attributes on <screen> tag: theme="@style/someTheme" inEditMode="false" overlay="@drawable/mockup" -->
<screen>
    <_content layout="@layout/coco_heartrate_item">
        <!-- TextView Examples:
        <date text="@string/string_resource" />
        <date text="Text literal" textSize="14sp" /> -->
        <date />
        <time />
        <measure />
        <feel />
        <heart_rate />
    </_content>
</screen>
