<!-- [ Mirror metadata ] generatedAt: 1467706127928 -->
<!-- Generated screen file. Fill the id tags below with content with
which to populate your previewed layout. For a complete specification
of sample data, please see http://jimulabs.com/sample-data-specifications/ 

Valid attributes on <screen> tag: theme="@style/someTheme" inEditMode="false" overlay="@drawable/mockup" -->
<screen>
    <_content layout="@layout/content_band_target_settings">
        <!-- TextView Examples:
        <text_tips text="@string/string_resource" />
        <text_tips text="Text literal" textSize="14sp" /> -->
        <text_tips />
        <text_step_count />
        <text_step_target />
        <!-- ImageView Examples:
        <image_step_target src="@drawable/image_resource" />
        <image_step_target src="relative_path/image.jpg" /> -->
        <image_step_target />
        <text_sleep />
        <text_sleep_target />
        <image_sleep_target />
    </_content>
</screen>
