<!-- [ Mirror metadata ] generatedAt: 1467706127952 -->
<!-- Generated screen file. Fill the id tags below with content with
which to populate your previewed layout. For a complete specification
of sample data, please see http://jimulabs.com/sample-data-specifications/ 

Valid attributes on <screen> tag: theme="@style/someTheme" inEditMode="false" overlay="@drawable/mockup" -->
<screen>
    <_content layout="@layout/content_band_info">
        <!-- ImageView Examples:
        <image_device src="@drawable/image_resource" />
        <image_device src="relative_path/image.jpg" /> -->
        <image_device />
        <image_signal />
        <!-- TextView Examples:
        <text_band_name text="@string/string_resource" />
        <text_band_name text="Text literal" textSize="14sp" /> -->
        <text_band_name />
    </_content>
</screen>
