<!-- [ Mirror metadata ] generatedAt: 1467706127941 -->
<!-- Generated screen file. Fill the id tags below with content with
which to populate your previewed layout. For a complete specification
of sample data, please see http://jimulabs.com/sample-data-specifications/ 

Valid attributes on <screen> tag: theme="@style/someTheme" inEditMode="false" overlay="@drawable/mockup" -->
<screen>
    <_content layout="@layout/content_band_alarm">
        <!-- TextView Examples:
        <text_first_time text="@string/string_resource" />
        <text_first_time text="Text literal" textSize="14sp" /> -->
        <text_first_time />
        <text_first_week />
        <text_second_time />
        <text_second_week />
        <text_third_time />
        <text_third_week />
    </_content>
</screen>
