<!-- [ Mirror metadata ] generatedAt: 1467706127900 -->
<!-- Generated screen file. Fill the id tags below with content with
which to populate your previewed layout. For a complete specification
of sample data, please see http://jimulabs.com/sample-data-specifications/ 

Valid attributes on <screen> tag: theme="@style/someTheme" inEditMode="false" overlay="@drawable/mockup" -->
<screen>
    <_content layout="@layout/device_item">
        <!-- TextView Examples:
        <text_title text="@string/string_resource" />
        <text_title text="Text literal" textSize="14sp" /> -->
        <text_title />
        <text_detail />
        <!-- ImageView Examples:
        <image_imco_icon src="@drawable/image_resource" />
        <image_imco_icon src="relative_path/image.jpg" /> -->
        <image_imco_icon />
    </_content>
</screen>
