<!-- [ Mirror metadata ] generatedAt: 1467706127927 -->
<!-- Generated screen file. Fill the id tags below with content with
which to populate your previewed layout. For a complete specification
of sample data, please see http://jimulabs.com/sample-data-specifications/ 

Valid attributes on <screen> tag: theme="@style/someTheme" inEditMode="false" overlay="@drawable/mockup" -->
<screen>
    <_content layout="@layout/device_band_connected">
        <!-- ImageView Examples:
        <device_icon src="@drawable/image_resource" />
        <device_icon src="relative_path/image.jpg" /> -->
        <device_icon />
        <!-- TextView Examples:
        <text_imco_band text="@string/string_resource" />
        <text_imco_band text="Text literal" textSize="14sp" /> -->
        <text_imco_band />
        <text_band_disconnected />
        <image_disconnected />
    </_content>
</screen>
