<!-- [ Mirror metadata ] generatedAt: 1467706127913 -->
<!-- Generated screen file. Fill the id tags below with content with
which to populate your previewed layout. For a complete specification
of sample data, please see http://jimulabs.com/sample-data-specifications/ 

Valid attributes on <screen> tag: theme="@style/someTheme" inEditMode="false" overlay="@drawable/mockup" -->
<screen>
    <_content layout="@layout/fragment_me">
        <!-- TextView Examples:
        <text_username text="@string/string_resource" />
        <text_username text="Text literal" textSize="14sp" /> -->
        <text_username />
        <!-- ImageView Examples:
        <image_gendar src="@drawable/image_resource" />
        <image_gendar src="relative_path/image.jpg" /> -->
        <image_gendar />
        <text_height />
        <text_weight />
        <text_age />
        <toolbar_settings />
    </_content>
</screen>
