<!-- [ Mirror metadata ] generatedAt: 1467706127893 -->
<!-- Generated screen file. Fill the id tags below with content with
which to populate your previewed layout. For a complete specification
of sample data, please see http://jimulabs.com/sample-data-specifications/ 

Valid attributes on <screen> tag: theme="@style/someTheme" inEditMode="false" overlay="@drawable/mockup" -->
<screen>
    <_content layout="@layout/fragment_search_band">
        <!-- TextView Examples:
        <text_searching text="@string/string_resource" />
        <text_searching text="Text literal" textSize="14sp" /> -->
        <text_searching />
        <text_search_tips />
        <!-- ImageView Examples:
        <image_empty src="@drawable/image_resource" />
        <image_empty src="relative_path/image.jpg" /> -->
        <image_empty />
        <recycler_band_devices layoutManager="linear:vertical">
        <!-- Examples of valid layoutManager values: "linear", "staggeredGrid:5:horizontal", "staggeredGrid:4" -->
            <items layout="@android:layout/simple_list_item_1" >
                <_item>
                    <text1>Apple</text1>
                </_item>
                <_item>
                    <text1>Orange</text1>
                </_item>
                <_item>
                    <text1>Pear</text1>
                </_item>
                <_item>
                    <text1>Grapefruit</text1>
                </_item>
                <_item>
                    <text1>Banana</text1>
                </_item>
                <_item>
                    <text1>Lemon</text1>
                </_item>
                <_item>
                    <text1>Carrot</text1>
                </_item>
            </items>
                </recycler_band_devices>
    </_content>
</screen>
