<!-- [ Mirror metadata ] generatedAt: 1467706127921 -->
<!-- Generated screen file. Fill the id tags below with content with
which to populate your previewed layout. For a complete specification
of sample data, please see http://jimulabs.com/sample-data-specifications/ 

Valid attributes on <screen> tag: theme="@style/someTheme" inEditMode="false" overlay="@drawable/mockup" -->
<screen>
    <_content layout="@layout/fragment_trackupload">
        <!-- TextView Examples:
        <tv_entityName text="@string/string_resource" />
        <tv_entityName text="Text literal" textSize="14sp" /> -->
        <tv_entityName />
        <!-- ImageView Examples:
        <btn_startTrace src="@drawable/image_resource" />
        <btn_startTrace src="relative_path/image.jpg" /> -->
        <btn_startTrace />
        <btn_stopTrace />
    </_content>
</screen>
