<!-- [ Mirror metadata ] generatedAt: 1467706127900 -->
<!-- Generated screen file. Fill the id tags below with content with
which to populate your previewed layout. For a complete specification
of sample data, please see http://jimulabs.com/sample-data-specifications/ 

Valid attributes on <screen> tag: theme="@style/someTheme" inEditMode="false" overlay="@drawable/mockup" -->
<screen>
    <_content layout="@layout/lose_warn_item">
        <!-- ImageView Examples:
        <lose_warning_icon src="@drawable/image_resource" />
        <lose_warning_icon src="relative_path/image.jpg" /> -->
        <lose_warning_icon />
        <!-- TextView Examples:
        <text_lose_warning_remind text="@string/string_resource" />
        <text_lose_warning_remind text="Text literal" textSize="14sp" /> -->
        <text_lose_warning_remind />
        <text_lost_warn_status />
    </_content>
</screen>
