<!-- [ Mirror metadata ] generatedAt: 1467706127955 -->
<!-- Generated screen file. Fill the id tags below with content with
which to populate your previewed layout. For a complete specification
of sample data, please see http://jimulabs.com/sample-data-specifications/ 

Valid attributes on <screen> tag: theme="@style/someTheme" inEditMode="false" overlay="@drawable/mockup" -->
<screen>
    <_content layout="@layout/mdtp_time_header_label">
        <!-- TextView Examples:
        <hour_space text="@string/string_resource" />
        <hour_space text="Text literal" textSize="14sp" /> -->
        <hour_space />
        <separator />
        <minutes_space />
        <separator_seconds />
        <seconds_space />
        <ampm_label />
    </_content>
</screen>
