<!-- [ Mirror metadata ] generatedAt: 1467706127948 -->
<!-- Generated screen file. Fill the id tags below with content with
which to populate your previewed layout. For a complete specification
of sample data, please see http://jimulabs.com/sample-data-specifications/ 

Valid attributes on <screen> tag: theme="@style/someTheme" inEditMode="false" overlay="@drawable/mockup" -->
<screen>
    <_content layout="@layout/screen_sleep_item">
        <!-- ImageView Examples:
        <screen_sleep_icon src="@drawable/image_resource" />
        <screen_sleep_icon src="relative_path/image.jpg" /> -->
        <screen_sleep_icon />
        <!-- TextView Examples:
        <text_screen_sleep_remind text="@string/string_resource" />
        <text_screen_sleep_remind text="Text literal" textSize="14sp" /> -->
        <text_screen_sleep_remind />
        <text_screen_sleep_status />
    </_content>
</screen>
